{"cameraMode":{"drawMode":0,"name":"Shaded","section":"Shading Mode"},"sceneLighting":false,"audioPlay":false,"sceneViewState":{"showFog":true,"showMaterialUpdate":false,"showSkybox":true,"showFlares":true,"showImageEffects":true,"showParticleSystems":true},"in2DMode":false,"pivot":{"x":0.006823718547821045,"y":1.1640450954437256,"z":-3.2003860473632814},"rotation":{"x":0.02562766522169113,"y":0.9743545055389404,"z":-0.1610521674156189,"w":0.15504419803619386},"size":5.713341236114502,"orthographic":false}